Daily update at Mon Oct 27 11:14:30 UTC 2025
Daily update at Tue Oct 28 07:17:06 UTC 2025
Daily update at Wed Oct 29 07:17:27 UTC 2025
Daily update at Thu Oct 30 07:16:27 UTC 2025
Daily update at Fri Oct 31 07:16:24 UTC 2025
Daily update at Sat Nov  1 07:15:09 UTC 2025
Daily update at Sun Nov  2 07:15:15 UTC 2025
Daily update at Mon Nov  3 07:17:42 UTC 2025
Daily update at Tue Nov  4 07:17:13 UTC 2025
Daily update at Wed Nov  5 07:17:09 UTC 2025
Daily update at Thu Nov  6 07:16:52 UTC 2025
Daily update at Fri Nov  7 07:16:53 UTC 2025
Daily update at Sat Nov  8 07:15:04 UTC 2025
Daily update at Sun Nov  9 07:15:38 UTC 2025
Daily update at Mon Nov 10 07:17:46 UTC 2025
Daily update at Tue Nov 11 07:17:49 UTC 2025
Daily update at Wed Nov 12 07:17:32 UTC 2025
Daily update at Thu Nov 13 07:17:11 UTC 2025
Daily update at Fri Nov 14 07:17:13 UTC 2025
Daily update at Sat Nov 15 07:15:02 UTC 2025
Daily update at Sun Nov 16 07:15:42 UTC 2025
Daily update at Mon Nov 17 07:17:53 UTC 2025
Daily update at Tue Nov 18 07:17:52 UTC 2025
Daily update at Wed Nov 19 07:17:40 UTC 2025
